system:index,date,granule_cloud_pct,period,product,.geo
1_0,2019-03-21,1.307198,2019,20190321T043659_20190321T044228_T45QYF,"{""type"":""MultiPoint"",""coordinates"":[]}"
1_1,2019-03-23,5.935093,2019,20190323T042701_20190323T043918_T45QYF,"{""type"":""MultiPoint"",""coordinates"":[]}"
1_2,2019-03-26,1.991463,2019,20190326T043701_20190326T045122_T45QYF,"{""type"":""MultiPoint"",""coordinates"":[]}"
1_3,2019-03-28,1.287603,2019,20190328T042709_20190328T043805_T45QYF,"{""type"":""MultiPoint"",""coordinates"":[]}"
1_4,2019-04-02,33.34022,2019,20190402T042701_20190402T044018_T45QYF,"{""type"":""MultiPoint"",""coordinates"":[]}"
1_5,2019-04-07,6.843158,2019,20190407T042709_20190407T044140_T45QYF,"{""type"":""MultiPoint"",""coordinates"":[]}"
1_6,2019-04-12,31.259074,2019,20190412T042711_20190412T042705_T45QYF,"{""type"":""MultiPoint"",""coordinates"":[]}"
1_7,2019-04-17,0.020417,2019,20190417T042709_20190417T043607_T45QYF,"{""type"":""MultiPoint"",""coordinates"":[]}"
1_8,2019-04-22,19.946307,2019,20190422T042711_20190422T043605_T45QYF,"{""type"":""MultiPoint"",""coordinates"":[]}"
1_9,2019-04-27,3.181581,2019,20190427T042709_20190427T044045_T45QYF,"{""type"":""MultiPoint"",""coordinates"":[]}"
1_10,2019-05-02,58.097962,2019,20190502T042711_20190502T042707_T45QYF,"{""type"":""MultiPoint"",""coordinates"":[]}"
1_11,2019-05-07,1.025062,2019,20190507T042709_20190507T043011_T45QYF,"{""type"":""MultiPoint"",""coordinates"":[]}"
1_12,2019-05-12,38.992323,2019,20190512T042711_20190512T042707_T45QYF,"{""type"":""MultiPoint"",""coordinates"":[]}"
1_13,2019-05-17,5.694605,2019,20190517T042709_20190517T043610_T45QYF,"{""type"":""MultiPoint"",""coordinates"":[]}"
1_14,2019-05-22,48.230894,2019,20190522T042711_20190522T043836_T45QYF,"{""type"":""MultiPoint"",""coordinates"":[]}"
1_15,2019-05-27,27.52454,2019,20190527T042709_20190527T044047_T45QYF,"{""type"":""MultiPoint"",""coordinates"":[]}"
2_0,2026-03-16,43.512225,2026,20260316T042711_20260316T043932_T45QYF,"{""type"":""MultiPoint"",""coordinates"":[]}"
2_1,2026-03-18,69.47242,2026,20260318T043231_20260318T043932_T45QYF,"{""type"":""MultiPoint"",""coordinates"":[]}"
2_2,2026-04-05,85.276282,2026,20260405T042701_20260405T043820_T45QYF,"{""type"":""MultiPoint"",""coordinates"":[]}"
2_3,2026-04-07,20.985538,2026,20260407T043231_20260407T043931_T45QYF,"{""type"":""MultiPoint"",""coordinates"":[]}"
2_4,2026-04-10,30.752257,2026,20260410T042659_20260410T043725_T45QYF,"{""type"":""MultiPoint"",""coordinates"":[]}"
2_5,2026-04-15,10.103455,2026,20260415T042701_20260415T043729_T45QYF,"{""type"":""MultiPoint"",""coordinates"":[]}"
2_6,2026-04-20,38.205713,2026,20260420T042659_20260420T044049_T45QYF,"{""type"":""MultiPoint"",""coordinates"":[]}"
2_7,2026-04-23,9.930994,2026,20260423T043659_20260423T044706_T45QYF,"{""type"":""MultiPoint"",""coordinates"":[]}"
2_8,2026-04-25,27.658603,2026,20260425T042701_20260425T044154_T45QYF,"{""type"":""MultiPoint"",""coordinates"":[]}"
2_9,2026-05-05,29.253367,2026,20260505T042701_20260505T043821_T45QYF,"{""type"":""MultiPoint"",""coordinates"":[]}"
2_10,2026-05-10,44.620973,2026,20260510T042659_20260510T043908_T45QYF,"{""type"":""MultiPoint"",""coordinates"":[]}"
2_11,2026-05-15,55.369371,2026,20260515T042701_20260515T044016_T45QYF,"{""type"":""MultiPoint"",""coordinates"":[]}"
2_12,2026-05-17,86.958855,2026,20260517T043231_20260517T043926_T45QYF,"{""type"":""MultiPoint"",""coordinates"":[]}"
2_13,2026-05-23,83.927143,2026,20260523T043659_20260523T044557_T45QYF,"{""type"":""MultiPoint"",""coordinates"":[]}"
2_14,2026-05-25,80.306095,2026,20260525T042701_20260525T044202_T45QYF,"{""type"":""MultiPoint"",""coordinates"":[]}"
2_15,2026-05-28,78.337818,2026,20260528T043701_20260528T044906_T45QYF,"{""type"":""MultiPoint"",""coordinates"":[]}"
2_16,2026-05-30,29.508352,2026,20260530T042659_20260530T044130_T45QYF,"{""type"":""MultiPoint"",""coordinates"":[]}"
